<?xml version="1.0" encoding="UTF-8"?>
<project-private xmlns="http://www.netbeans.org/ns/project-private/1">
    <editor-bookmarks xmlns="http://www.netbeans.org/ns/editor-bookmarks/2" lastBookmarkId="0"/>
    <open-files xmlns="http://www.netbeans.org/ns/projectui-open-files/2">
        <group>
            <file>file:/C:/Users/natar/OneDrive/Documents/NetBeansProjects/JavaFDB/src/Feedback.java</file>
            <file>file:/C:/Users/natar/OneDrive/Documents/NetBeansProjects/JavaFDB/src/Endrosement.java</file>
            <file>file:/C:/Users/natar/OneDrive/Documents/NetBeansProjects/JavaFDB/src/Major.java</file>
            <file>file:/C:/Users/natar/OneDrive/Documents/NetBeansProjects/JavaFDB/src/Welcome.java</file>
            <file>file:/C:/Users/natar/OneDrive/Documents/NetBeansProjects/JavaFDB/src/Mentor.java</file>
            <file>file:/C:/Users/natar/OneDrive/Documents/NetBeansProjects/JavaFDB/src/HighSchoolPicker.java</file>
            <file>file:/C:/Users/natar/OneDrive/Documents/NetBeansProjects/JavaFDB/src/MentorMain.java</file>
            <file>file:/C:/Users/natar/OneDrive/Documents/NetBeansProjects/JavaFDB/src/MiddleSchoolLogin.java</file>
            <file>file:/C:/Users/natar/OneDrive/Documents/NetBeansProjects/JavaFDB/src/MentorUpdate.java</file>
            <file>file:/C:/Users/natar/OneDrive/Documents/NetBeansProjects/JavaFDB/src/Scholarship.java</file>
            <file>file:/C:/Users/natar/OneDrive/Documents/NetBeansProjects/JavaFDB/src/HighSchoolStudent.java</file>
        </group>
    </open-files>
</project-private>
